,count,mean,std,min,25%,50%,75%,max
n_chars,5000.0,91.799,138.51455033725168,1.0,29.0,56.0,106.0,3213.0
n_words,5000.0,17.5244,25.684355975347593,1.0,6.0,11.0,20.0,549.0
